x,y,F2
0.845355726154265,-1.8892024269682821,-18.537465270977833
3.684160657260051,0.2514056842701491,7.415991466138341
2.606527429395086,2.23767501525845,38.82644320610348
1.949584854150301,1.3933493184573669,12.014408121097162
-0.23129759126128102,1.8393668871686986,18.206632253276787
-0.23141643080320007,0.9527002002643039,2.1312869128490948
-0.7138225762298329,1.1536593871071146,3.178674447622472
3.2676419161265073,2.0951739093919155,34.12717616154807
1.9616881428119677,-1.5019919468448844,-6.242014227701367
2.4886670885616002,-0.06345021814115714,4.976567838678363
-0.8985803856322551,-1.6727433490823866,-15.838521284748106
3.7787369349075988,2.926008047979882,82.71073032280032
3.101437246892287,2.6643560381196796,62.9440112547597
0.04619284839910409,-2.7634391317889646,-63.217417596338805
-0.104150056271609,1.2334510350941308,5.421422489454222
-0.09636766415808551,2.5514899044939945,49.63863356211902
0.49899873720124366,-1.9165479292359988,-20.121340901380385
1.5854701198070291,0.407671383315777,3.374200246413428
1.1281891402930873,2.4929297855282506,48.73480238475928
0.4348832993948424,-2.7963241284852067,-64.72720426131214
2.014593593644225,1.1845216034810395,9.015163515619793
-0.31271502954129204,-1.2159059557646954,-6.01831571221712
0.439394000564985,2.5463771722591826,50.41119713803571
0.8050614376025378,2.8263494709922066,69.34289265576669
1.247052624140852,2.6655989346806033,59.31468664764898
2.868554751502507,-0.1547147000552176,5.72599945350774
-0.016209108912650705,2.172255905935881,30.718225726118973
1.5336283558424557,2.067296391210422,29.572359588670736
1.9188211406327391,-1.0853971605404662,0.0015654399254128037
-0.7711392430833038,1.9734928449040643,21.51605538315354
1.9933679062262604,-2.7779541917070443,-60.325927455554734
-0.15982920851791815,0.5776192708923182,0.25849923332380875
-0.6794913987311362,-1.6199469762737817,-14.112314439249936
3.6751503284191775,-2.276598685336327,-28.047860072462456
3.7576601595470738,-2.538280790224745,-41.5461143484835
2.9829663106466424,1.177732655268839,10.866669724941634
0.5008292434450685,-0.9607502173916034,-1.6587769803273074
-0.5187703912148158,1.3486006291725685,6.320654821952875
2.3712098383047846,-2.607861955206346,-48.465349497943066
1.16862729472905,-1.108257973016338,-1.74635154789694
-0.39871873759844234,0.2369477542520233,-0.7575277216977998
1.4397320889023448,1.744338989033781,18.80206175975352
-0.8305680722555471,-1.0874849824075805,-5.519392316497626
3.480213270741305,0.7553482586220546,8.253320635823895
0.2750065929634107,2.3158664894171226,37.811639861596284
2.264241211061479,0.6951791290938276,5.536368462320754
0.5357976094457391,-1.6022431514781974,-11.26815948191816
1.5623703645518,-2.853595310660772,-66.58579216643412
1.6936365258768684,2.2205932434055793,36.236737751296616
-0.08922379514655188,-2.8723835348976774,-71.27499982469875
3.7771345572879724,2.2482100361051964,41.644653747821565
2.819072302645605,0.17362280416327192,5.653846120105147
3.628902657655993,2.6344061910773773,62.106900761196144
3.4088061383460504,1.7926994146419926,24.101589476775267
1.9458477050790828,2.987604663200025,83.89181581404726
3.5420658903760343,-0.8957291072897391,4.928119074071046
-0.5639982550179681,1.6031297335867611,11.23225369511791
-0.03439423657399765,-0.588414518344547,-0.679971653736647
-0.77716556286055,-0.12074627817654715,-1.5596124461052634
0.6028995521580252,0.7650327793102205,2.549063136160387
0.9150094370715676,2.2420626851180323,35.641524234250525
0.33693418774836426,2.904500815195771,74.18206406769505
3.0831820972844355,1.6096404831871087,18.677821935519596
0.7577203645489636,-0.49339930699599766,1.1550970899500475
0.3841617494045382,-0.4718579863375787,0.45314601449043296
1.6738586181356343,1.4254938095333491,12.03766691683417
-0.3056676376583004,-1.567337125390186,-12.162040936472264
2.952417157590044,-2.337155321211632,-32.39386112887595
-0.6326896631892812,-0.8722670541553406,-3.2563720035004406
3.8623828740354185,-1.2765660500755096,1.4838096775777334
2.8048428867910618,-1.2221512772640595,0.1332732786227364
-0.02092966188977141,-1.5983534937005404,-12.291962843404155
-0.972792579641683,-2.7474408621818287,-64.16219088361599
3.017770969604266,-2.892756391599517,-66.58455766416093
2.4826796420572026,2.926334338416189,80.14376042883309
2.591811622455819,-0.43336119758482594,4.939465040187415
2.800041915536221,-0.6940401170419097,4.597143772715704
-0.6351826808591183,1.0778836961584188,2.4865980320109973
0.7661573527422725,-1.690476672809615,-12.960368577714327
-0.4291142077467378,2.699767103701352,58.17549257636299
3.2525026533992776,1.718070086493312,21.719021836454512
2.070984147124727,-2.4635339861264427,-40.71159277988688
0.6303315298082186,-0.49451534529042984,0.8978686612040856
-0.6868485917979031,2.274709845372988,33.936429581242315
0.5322070433384396,2.668392133748462,58.06380433789164
0.6021752414631876,-0.19559093250078163,1.1819030125840901
2.5947629406887973,0.680468335264246,6.13477224806952
2.1412398066687413,-1.9977963234475486,-19.63827541009611
3.371289035387626,2.9470117568218592,83.525893395212
1.3265985999172418,-1.6099697916993396,-9.865941086962884
-0.41076024849747383,2.656390644810754,55.41223405678025
2.514150516911715,0.8978798939542108,7.19988184044308
2.7483809482366457,0.6464207692731545,6.307101677796727
1.7654075982092414,0.07613106609905174,3.532138949515303
2.798548215834672,-1.6159811296934479,-7.062798750732179
1.4329263687560916,-1.9408318079669504,-19.066486677046605
1.575499850102843,-1.6770827455789479,-10.999921972256905
1.1064906713379474,-1.881370427134473,-17.764659180975492
-0.8747601959560082,1.67750684140052,12.41213932761402
-0.4684199299723396,-0.8992484449996194,-3.1183655978812315
-0.8451486907360735,-2.652943940619622,-57.70544356788227
2.1355882521317198,2.8146157808448677,71.16385861784522
0.5488290320280766,2.302715309780554,37.72808664194665
1.505723125157345,2.566513699171278,53.72826623690939
3.4715716828393512,2.9694469358786115,85.49346383156632
0.22826052376278594,-1.9566285046830763,-22.015719923356865
1.0219528932449293,-0.6225478865840475,1.320070844611811
2.7225935213658556,1.549430854224548,16.604510206429364
0.12728646032075108,1.1761237083227538,5.135252181394382
-0.620720691181031,-2.0766245619608696,-28.106959098648847
0.4276027477148461,1.8949987499437064,21.27014221960573
-0.20566419819665804,-1.653356568980036,-13.970115149624029
3.5806117956664547,-1.6570943110642615,-6.489728226027939
2.981601689134126,0.22184653736048165,5.995958500037338
2.120774491772079,0.5576396090502191,4.761763056760125
3.293678325221167,0.48051724702686727,6.920206370084589
2.959684942751001,-2.4510789756134708,-38.25731974869878
-0.08077103314373257,2.2647651757822818,34.68749562310069
3.3976299891794497,-1.4063997444677636,-1.5501483551788393
1.6573342731317222,-2.222910472303175,-29.637740520553347
2.9782502297600892,2.332488479213863,44.02622870631627
3.4150336059052107,2.73390898937852,68.13189358791728
0.5668002009564053,2.172765703592704,31.905899647450102
-0.45777517846036364,1.8570964483492682,18.29875255247331
0.12303445271264102,0.9314518838341304,2.670459167241114
1.1043561524252925,0.30514422365483584,2.2939509846062744
3.0303512398600914,-2.4780794405315394,-39.592045946840564
3.240811679604076,-0.5492807215758075,5.9844540348952115
-0.9657469167143268,-0.7638688979261161,-3.268636469799829
1.5164472696006706,-1.4414772974380428,-5.952655670182641
1.0565801794234666,1.34052068213151,9.339890060373653
0.09432314257043051,-0.024745589527375156,0.18860082668611453
-0.4094244358721424,-2.5137227045541124,-48.46999578934475
0.6634268491812485,-1.678900788301132,-12.870138830750463
3.6457074524251407,1.0995525819575755,11.27954450391034
0.5924178780896125,-2.543214843058199,-48.163260539802785
1.556076629268666,2.1072414842926124,31.18356000821273
2.463767954644472,-0.029120837916154052,4.927461823850393
0.7915997117075033,-0.11648053604011199,1.5784582991703753
3.7879613976789086,0.5544467079571058,8.087252098945827
3.741968984013993,1.9480857955508952,29.66311839156225
0.24052905941153413,-0.9131447525868417,-1.80317349578094
1.4499388222924092,1.0680969153543813,6.555431926681668
0.4824246694978662,0.39439178397474617,1.1488862062622214
0.4034065001038889,-1.397830378983472,-7.386974165839267
-0.818258349117525,2.2717799181309477,33.53734270437225
2.0033178758818955,1.7845561296415688,21.056145354146985
1.4766949313407167,0.9507110079505532,5.531294348139328
-0.746364665321332,2.1034903745654514,26.42903401673289
0.3728885704797482,2.203765205758814,32.854070364082105
3.4750176795404837,1.2501778602902087,12.811911875314589
0.1803192354162746,2.0220799701820322,25.16432514250192
-0.2861042957780029,1.1848287700157023,4.4176475873013095
1.4115292552366108,1.0808446305618027,6.61106804032212
3.856290736162234,0.7116682692911058,8.79390104135259
0.19260409994051586,1.5162998373458478,10.84387964140278
2.3116056698394565,-2.048369368241558,-21.16053813544079
2.752492850761947,2.2852245551935706,41.30703619226366
0.17083799702195468,2.2310611664713917,33.65789327064982
2.5879152623906116,-2.824516301792645,-62.42523037235821
0.8120641175505605,1.9549005033885756,24.036882527454683
2.1153650208620562,-2.226780795159329,-28.89409979544747
2.1213950672075113,-0.9892868744451486,1.3381790135465992
1.6397569484105756,1.4610495377496466,12.636071126391233
-0.5551431320740408,-2.0354406237101506,-26.408890942564923
3.115527725174701,1.9078021447143731,27.062589493152732
0.5804804343883132,1.9928050677464517,24.90287399717003
-0.08102501206177892,0.04480640256501722,-0.16178016227919192
-0.7991012519983234,-2.9616847696989987,-79.5341376383755
1.911324104911031,-1.2777712009505233,-2.436000003819733
2.338353388714746,0.7015615102544532,5.712608410453919
-0.9182719191986974,2.8871170681645406,70.35967245168158
1.5230777956834696,0.7908811621000105,4.530227513354671
0.11594260448664695,-1.4411785136150412,-8.7480786884972
2.1787604137173937,0.8040342185976681,5.916875302948902
-0.1408982055015494,0.23991227829513306,-0.24036986931551632
2.4042438907407853,1.6790723709068613,19.00983352661014
0.9054414998271285,-2.3581161670382498,-37.527530592793255
3.615260052502453,1.5661674150121678,18.755384038928824
-0.3224355710492759,0.24759947205666144,-0.5993335148636392
0.6804307796079705,2.7779520231539676,65.67337421424835
-0.440917002876411,-0.9487670037678835,-3.443956986625465
3.5559569657851844,0.795731358803689,8.623457518282244
3.3226429374896176,2.592168633060105,58.89825919866621
0.2708760310713134,-2.3849416320559245,-40.1545097959959
2.251735334168485,2.6233709234187064,58.666177026168256
3.0264462758294997,1.1273143338048799,10.350792903270127
1.7354693003344144,-2.5929776453689684,-48.830974239760096
1.6095835357720252,-1.1942185983191025,-1.890266368686584
0.19160401633385238,1.2490325318716895,6.22898853933572
-0.5412835179842392,-2.59589639118737,-53.56129731526232
3.4205738002922885,0.49302276105763987,7.200666862353955
3.436351499093222,-0.9247016582822596,4.50064029996651
2.1192850662066314,0.7254931066048629,5.384138796786252
0.6703966671820516,-2.725547797124923,-59.40030802486431
0.7205523673206011,2.2292208369142577,34.67494561663927
2.5767769633334083,2.840933815064382,73.9402742267495
3.4200540126113843,2.8132671317141487,73.63667946764147
3.3706666662282814,1.497910990457548,16.824089775344568
2.8424396528334253,-2.219482559216208,-27.115318647032364
2.163284024817378,1.5495791755741353,15.489096243713025
-0.5854431651277665,-2.852478501247191,-70.79960358049466
-0.20365680989438162,-2.8672586908260165,-71.12399765883488
3.4271682354383417,-1.0583386851027525,3.2980620353121606
1.9878704080970073,-0.0681408575720055,3.9747916461143102
-0.9546862111415081,1.622444506846759,10.90303701990507
-0.5000506401135326,1.099772259639031,2.990419140676699
2.26906712345018,-0.3245837617395102,4.4355450518442865
-0.9750616228702695,-1.3582400023100047,-9.467231518363013
-0.20770020736837203,2.982747000946267,79.19512823637986
1.703606341179781,-0.4429121865841621,3.146552830272458
2.4089612853494717,-0.29167785402194735,4.743478241162626
2.212207138600749,-2.018257072849985,-20.238858374542254
0.10497282824424792,1.7688572924995762,16.813445558141698
2.508900483628433,1.162093354688932,9.725886106879223
0.1689240754353365,-1.6753823232674376,-13.770073579280865
0.6032413246811323,-2.505713726304944,-45.99064956492968
2.6779562979764076,1.0829958124482788,9.166584753323578
2.200735328018426,0.9270672856868112,6.791785027687217
3.1841159450754013,-1.360442838010744,-1.1855101691031429
2.2400526814962114,2.7051813735024623,63.869708068938586
1.8000512698487134,-2.0936526493145986,-23.93173180388408
-0.5384652791275766,-0.40599119374438875,-1.27768774224697
0.8117323849349178,2.6616955210055933,58.19479306284526
0.3066496302111352,-0.48163609844326594,0.278119069697439
0.20213473236873658,0.8311556859845135,2.126805815048101
3.7940140680969607,-0.6144336122232343,6.892129234289856
0.9367888796117074,-1.3547087859079798,-5.585052812727654
3.3951051856827394,2.903865887758969,80.25020965597106
2.109614214534459,-0.5439959621097419,3.7362716316029143
2.9160279937873606,2.364595222074806,45.49561472372439
1.4764883420064425,-1.620272364653483,-9.808041541798048
1.8424001418383384,-1.7213717758495002,-11.617097208909701
1.4266301546492763,-2.813195502692932,-63.93820911010989
-0.03803959203788276,0.9100009522553103,2.1846409129952633
2.559514937606445,-0.7888419376574332,3.6464080649634676
0.3833628514099099,2.186149499037822,32.11118827008027
-0.8801954566860569,-0.16074055985065705,-1.7728503293177436
2.180236074554287,2.8091605674883304,70.86495878035667
-0.12737730897109856,-1.8868469057812731,-20.407362126643168
3.6336308088636295,2.211739007733665,39.72534617285393
3.6999973389534544,1.6595811167504504,21.112496826964144
3.5075284494047825,1.625531067864312,19.900729058705437
0.8237685169865074,2.068699368701326,28.20663986719348
-0.9238453923005769,1.566143945657993,9.676655049422921
3.5738170331085186,0.7573219297884926,8.45068938529849
1.1096593667389105,-2.2125307339056746,-30.273634920140125
3.7626994166246233,-2.8048429230524885,-58.67290919646374
3.7477467781842044,2.5250870868941213,55.795850204133664
3.20276975389097,0.6999018871244282,7.434106890642495
0.45074698729891605,1.779223745857058,17.798624273735427
0.8973729724643307,-0.11086589092469978,1.7906579051898894
3.1935425645646403,-2.2961508662256334,-29.930964128486607
0.5614718091061632,-2.248885246784697,-32.998165598422915
-0.1649107935316776,1.1133917233738284,3.810796934146256
1.743354707019194,-0.41816463060322384,3.2673465318049706
3.6124259755689323,-1.7968516397979797,-10.179502348935738
2.429332416567089,-0.050432719551378735,4.858280012440402
1.8086861501513032,-2.6147463775491957,-50.01289539206911
-0.5212123075644055,0.49182841148639245,-0.6855118393896756
2.0301349583276,-1.386039573389414,-3.9279156537848685
3.877986227786568,1.7853546038231292,24.828377978879345
-0.30980734332294535,-1.1378282464585574,-5.03889334922239
1.5538054373683199,-0.26867910550919305,3.049424280753717
3.3228090684609226,-2.930276760551396,-68.83703853790803
2.6497601771872974,-2.565318673232647,-45.34648797115649
2.434190155179243,-0.6450386615598909,4.063227169102403
2.4611326308841814,-0.12036699169725917,4.917033554038578
0.7712096008479055,0.6001232887158223,2.1908187392212772
0.446524320633507,-1.2500245277441806,-4.9666712869036855
2.9877149806688195,1.169891316759255,10.778930097320337
2.9914212563026843,2.1607343831352273,36.24677803974839
3.272057351308007,1.6791059333600984,20.746312063561827
3.499527816146088,-2.762287047909857,-56.231598676828234
1.519379303524068,-0.11695831645302635,3.0339589016734174
1.4709661784932995,-2.370418929490951,-37.01540815220939
2.9331930160144877,-1.5477299048248352,-5.256225688933215
2.2023663183149798,2.9199755596028787,79.09412115490969
2.4585843580779145,-2.145026742590921,-24.691534562615033
2.920863174537433,-0.006671079291863613,5.841725458419758
3.38504814620474,0.7089344059087148,7.839002050732815
0.6652990339936793,1.2147898232646241,6.708646262644418
0.850493758673958,0.3578921009214846,1.8385112318578622
-0.5369518454413911,-2.9413749154848983,-77.41746369383551
1.8491809443342362,-1.0412321505360487,0.31176142657375516
-0.8229127470618106,0.10626986030826835,-1.6422250872361954
1.2939971597460902,-2.472801005131,-42.77364702461744
1.6736051320916263,-0.8962384127449154,1.1875177836837034
0.41178611792408315,-2.8007813472518004,-65.08757501235883
1.9110300491941459,-2.5285290170698755,-44.67607962984219
-0.8497255486344878,-0.6184603427904234,-2.4091217158745697
-0.8159858170015144,-2.203705475741638,-33.73765417484278
3.052945408418692,0.4052450895693491,6.305543218182192
0.7746559825980366,1.1367898148235946,5.956501988316882
-0.37397402096247245,1.8035201946544976,16.850901711745106
1.573087746523501,-1.7990985345311394,-14.323550936451186
2.7937511652562335,-1.9951045064455815,-18.23669093498291
0.06334822058969736,-2.3725929579935983,-39.94068549369607
2.0689756543490274,0.8185814972618202,5.783485938632099
-0.5794938237225651,1.2388543589214072,4.545045155969179
-0.7453646343961747,-2.8104831310461478,-68.08919183169276
1.617979390299904,2.617273477462139,57.021874539968515
1.6637042795137753,-2.6881722980911658,-54.948970391979735
2.1406112711547456,0.24777801180642278,4.326858749810142
2.577445333545572,1.2543631167054983,11.075836408799479
3.8080142342498116,2.225814742476514,40.697764998078426
1.5438070748873036,1.284521592794567,9.445979549927502
0.5912035764681074,1.8103684984187511,18.982497504150132
2.917875079420431,-0.9632988447431634,3.1540860895711895
0.3343880149122209,1.8889506824790736,20.88886735146391
1.162808158736512,-2.5193109216919494,-45.64403514467817
-0.6134461295926065,2.3688999363631655,38.65368202213178
-0.875097119988241,0.2855542569224174,-1.6803409008290795
3.742959899105463,1.9037866197749622,28.186192425750043
3.1188663769475253,-0.28609029289019894,6.167485294532299
2.429058522283636,0.86146617117915,6.776061114211817
1.0149074017090016,0.15841596561667926,2.041741443169771
-0.14618047637489506,1.3895371305319912,7.7564499363047315
-0.22923612732291787,-2.5102201078164628,-47.910706660396215
0.23294446127323454,-2.637887496056617,-54.60093931492544
1.7060347334515864,-1.5173805959391213,-7.0689815011772
2.520807548999732,-2.04273191932087,-20.529836389895312
2.2527864124873282,2.23070139955321,37.80567560821722
0.3792317396161131,-1.684716075851734,-13.58656499733533
3.704612469287502,2.8551915349147876,77.23680585914245
2.635611332443251,-0.9786252493733589,2.4595127979330247
1.7312973260833342,-1.9072925058678043,-17.35224941591405
2.013942499257236,1.7381910428548748,19.782717037507172
1.0673656543889942,0.9522466530052567,4.7251479375279475
0.2205683103553655,-0.010825701281166111,0.4411328145302971
0.7538741188131162,0.3321813056257872,1.6177112979465118
2.733900826947445,1.3152106696335828,12.292873460954484
-0.9290834136967826,-1.6292715520122076,-14.832996889542082
-0.4281111661189624,2.9780034963404516,78.3750927892439
-0.7733454052016728,2.848758972880699,67.81000150367801
-0.7993295649875455,0.9019541180816213,0.6026173437033451
3.214846441716775,-1.8027452944251292,-11.146482057666102
2.466915811466276,1.0813694545877475,8.727361846062776
1.336250101568929,-2.566809546124945,-48.06186048041697
-0.5179719888848612,-2.816084986765164,-68.03343304411183
1.4221869021857794,-1.453902668932718,-6.375548389094016
1.332791066738535,-0.22426225956410217,2.6317452905393206
-0.14663597746833634,2.209635032450283,32.07227085220543
1.1375830917302627,1.3630144185978477,9.871824704827738
0.9634291669017987,1.4562391271998862,11.191301940391721
2.0342877777439625,-0.44703999331154787,3.8005597608408017
2.129100585751782,-0.9243900447182227,1.888535736797757
-0.7767875598804364,-0.7737674220923836,-2.943375981948119
0.845712912192204,2.9258973824163466,76.83615540787125
2.0836060574444515,-2.759344851525105,-58.86161061487923
1.4789477257174104,2.202188976734691,34.99734218352326
3.2199175823777244,0.4720524514343607,6.755402488505953
2.2453774741945187,-0.36830748486245746,4.340871771692234
-0.1972235739987186,1.3515459624908193,7.012064551343057
-0.6523084295917899,-0.07998635145178312,-1.3061520731613185
2.165193884378089,2.2405394284899636,38.07302536296745
-0.8693790164151323,2.4042111840675506,39.95193302921489
1.8861109097497173,-0.4696744387592675,3.46139961956744
3.6325057653544635,-1.3390332165896905,0.06231186792160326
1.8353559898077378,0.5541019715601734,4.181088093794337
0.9125096618501485,2.474180073700146,47.26259687269953
2.169475144941557,-1.7360268659660005,-11.357107182082485
1.2578077833095622,0.7377995013808967,3.720474846272201
1.688248910553674,0.7893613205551233,4.852030322002137
3.6385884673585887,1.3986781344916857,15.48588123655943
0.9023241508589657,-2.210593889236441,-30.603047243978807
3.7357770813352147,1.2949497880925316,13.986038457437951
3.46065429907103,2.4541951239938458,51.266702964980766
-0.0353388768456252,-1.9219013467785482,-21.36748636645821
-0.6582575075337707,-1.5747400504567342,-13.031665561851089
-0.5034677126590914,2.8283705642498376,66.87124329428798
-0.9102212323460719,-1.9141382837430614,-22.860221919103193
-0.5346803996264544,2.1263105602174743,27.771043417327913
2.365168100562476,-0.04633286131179126,4.730037808133676
-0.6492541827627188,-1.5166135535809377,-11.763672719263221
0.5715900013000792,2.2244994076350686,34.166302689653214
3.1626928986457425,-0.32816846998400706,6.219359935420242
-0.8853393863360688,0.08890412357814093,-1.7685706932459966
3.0128787344412196,-0.8445997836014056,4.218274756583883
0.38869588703254854,0.5577051086095643,1.297789179639942
-0.41780297941721933,-2.0188567644898634,-25.52086999180331
2.4328176156028913,-0.6535107800894355,4.028338255474042
2.098795630494302,2.816473934011725,71.22284449810951
3.3232965528110947,-1.4511994037932348,-2.5219963911630163
2.6216882826549717,0.9404199872477532,7.738469964374598
2.958743165630514,-1.0488596146518308,2.455914519803263
0.3895817491317488,1.6408387541196037,14.032309101539546
-0.12575699722690004,-2.214758035689901,-32.84269610441448
2.698271988429668,2.818926270471268,72.5970286932847
2.975267351196105,-0.2772627516981645,5.886591285149486
3.880209738815961,-1.5836972199212163,-4.155778711654493
1.032963505069207,-2.559019516019924,-48.20791183820454
0.8329296924542144,-1.9814525694747556,-21.672606104058605
2.825379527765694,0.1186436913361062,5.655769257182508
0.6791359132233605,-0.977980941412282,-1.4478881696424728
3.585832796092367,1.973300195295657,30.2232473538749
3.229391745515267,-0.4146748580291644,6.244866949462878
1.1136496334190888,-1.5077143644742206,-8.054721395202879
2.699534855750112,0.7028699196241801,6.440778017520099
2.7176258116383902,1.2406633013126749,11.164307563087522
-0.4919096452331633,-1.9977485525943008,-24.902858391900864
3.446869883055368,-1.994284702270094,-16.901096918854968
1.4893737993116098,-2.779971438398742,-61.47412180247468
3.0719483461433876,1.4184120903938435,14.704976156125957
0.5768814452582545,0.9828271657308303,4.001846345097718
3.412234723199547,-0.1522147455011167,6.813889305962682
0.9175930970792401,2.065022693815183,28.2529310225364
-0.9466029906788618,1.834020917700319,16.613712358572236
3.460808683683471,0.5121261863805131,7.324568335768965
-0.5502313817614376,2.2096276830795514,31.264757095831424
0.573255360146766,-1.7649527397793905,-15.347280654199016
3.680946587228151,-2.3284822836136327,-30.51201034426587
3.68363268352378,-1.3815023308980623,-0.5427280257018827
1.8253232088959876,-2.657478863464111,-52.65224671681261
2.1130561421914202,0.18701716800619206,4.245735297010981
1.2094869687062317,2.619634153769769,56.35055925952926
0.4446467795981064,-2.763938755988942,-62.454854795471995
0.6193271969068626,-2.267340515939839,-33.729402549470585
2.313492257346006,-0.28680583029938855,4.5562086504066635
2.7069423974745463,2.6032501051674295,58.3398684748261
2.900102679356798,-1.103063370139497,1.773752267709849
2.8904413384752874,0.043408852130354614,5.781128066554852
-0.5506283678259105,-2.7505628456976474,-63.53019826216603
1.4360043010016525,-2.109940794227467,-25.307412154383112
-0.7164085179608213,2.919780737753081,73.24162256888309
1.7075237568783073,2.790712178616273,68.617870276694
1.175416725686401,-2.970360114393542,-76.27197781266318
3.3737103566513067,2.7108707125394336,66.51252360597323
0.7289550443870543,0.8347196268930022,3.2026999561994796
-0.42321188508909136,2.2075097671201327,31.425819608874377
-0.2954812956201184,-0.2715608661968454,-0.6510416071771985
2.751955889510139,0.09357617147550146,5.5063699782198015
2.0459547208548554,-0.0669205184584789,4.091010360035635
-0.5017695033538374,1.001185545276626,2.0071435554393005
-0.5856065386252813,-2.1620924714621226,-31.49224993523071
2.4536684736906067,-2.820158460763932,-62.381308980329635
-0.6414973358272342,-1.1524203504528545,-5.874488566752364
3.049296964972175,1.2280845764198798,11.655154923994612
2.479648967768674,-1.7888792872623098,-12.214421413206638
-0.5991953048042504,1.0405945999495039,2.1819927739901863
-0.5820053617680703,2.819472276643623,66.07553033917515
3.861164142951454,-2.43659570526349,-35.67586781277758
0.8440287737569123,1.035612709350758,5.0201218163420265
0.8261504549870062,-0.3374986841725729,1.5369721807724641
3.004656003928919,2.208853526265032,38.340525715472715
3.6670850421745005,-1.9371012633156846,-14.471941384808183
3.8580181869949355,1.155755713356987,12.347512201496468
2.711887400489318,2.0286917378886615,30.471566108263602
0.8538275227142476,2.667685316844139,58.661762452403025
-0.5885927356138059,1.0994881697378744,2.8102432903207384
2.8289957182244367,-0.016951415949436388,5.65797682345519
1.7512526106149617,0.7070834412072831,4.563060366569814
1.0901379439237289,2.2134299068723093,34.71286107344816
3.465599732297882,0.42365847983297833,7.1593224073934145
-0.45213102580549114,-2.817677641818979,-68.01548800640644
1.4271593650584453,2.585692173041867,54.716612056497354
-0.944060696491591,1.1371605061893666,2.523381406487484
1.3090866793884053,1.059080314663479,6.181929199579576
-0.7225942777492863,-1.705949085613697,-16.339466395734632
-0.41458521765365064,0.9533128213959432,1.7699568999706532
-0.42094926137422783,-0.6368135660750491,-1.616642439028744
2.198653196819358,0.9073978622489527,6.638681323815737
2.675756269201096,-2.3604418181520557,-34.10340636139141
1.8742525485508925,0.947071827618216,6.296919250964997
3.74061531069128,2.996482354624,88.1966353087291
0.8469839028719752,-2.710727766836664,-58.06168124526974
0.40770082541299413,2.8630451053279042,71.22077810583049
3.279579928232595,-0.5585522356627761,6.036387471685463
0.1016546431019052,2.224520702023555,33.22738034024591
3.7457886065390227,1.6943129043496405,22.083150152169146
-0.940115014817971,0.4020975659200068,-1.6851936678065893
3.778584072778898,1.4306952555079588,16.342590919563488
-0.7873515101575336,2.2710933678080876,33.56727654151892
3.3906539378118135,-0.5751580700938019,6.210509263985559
1.5999785185821818,-1.0378010306205678,-0.15327454337422886
3.892328432071401,1.0055603133815083,10.834978454066524
-0.6364050032234854,1.8470756516475513,17.632130066092504
1.7288349731943473,1.573710808659694,15.149864621596684
3.7757446918777493,1.786881893151807,24.667746388366616
1.5772982746121462,-0.3865001111224018,2.98138768095182
2.101041310316714,1.90700529705013,25.00752492172353
2.427947401558121,-2.2787456677763496,-30.642508790408627
1.2395196520544216,0.26693458776509704,2.536099834834539
2.0919728977003245,-2.965448037011271,-74.04945508411005
1.8789112490793336,-1.0524850205983782,0.2602314783901245
3.439997242343595,-0.801230790771613,5.336894217358675
-0.7760861013923276,-0.6229638503444677,-2.2774590345448584
0.38430305503236406,1.1728032401391726,5.608064121363313
3.682668654404421,-0.6686513923779254,6.46848585880371
3.3863214879268586,-0.3078382642648161,6.685126653444234
1.2450166366734332,-1.5747352147540352,-9.225009349317133
2.0553876146826138,-0.7604892502239595,2.7913022733877204
0.3666545413530984,-1.6363822364210912,-12.412142924975619
-0.07312877356003789,-2.560824457389338,-50.526549685301106
1.2846377829909232,0.6206915602882672,3.2866547576137917
0.7409631826463441,1.0092767913300973,4.56619441203019
1.8756683033677248,0.7169420760576868,4.856874064831644
-0.6170021575116827,-0.21903573719656588,-1.26553012046592
3.8008342694912516,-0.7212853189246209,6.4759170433876765
3.8590512816651543,2.1800018974309516,38.79887971955864
2.439836353747357,0.1144907108173081,4.884174982407066
1.641341873997709,-0.12490873422161419,3.2768371978771618
0.5250397230466872,-2.846147605161386,-68.116056358962
3.009560589006087,-0.9525130342430619,3.4265300135944354
2.3736641992778695,-0.7188262872848576,3.6330515505922683
-0.19878783316114934,-0.6070633146185971,-1.068731271093979
3.488129872945205,0.4810342153639935,7.310184918865912
3.052633442512457,0.20161528036127052,6.129853095033566
3.6796554507645878,0.6474305567606677,8.173454164646502
2.575613353537945,1.5892995692527698,17.19433389582858
2.022291037376066,1.8779144322965609,23.912330568226267
1.0606795990727407,1.3087384573589667,8.846166555850946
3.5955446722276605,2.7331421757296077,68.44134791718521
3.2670888304927646,-2.89060450394183,-65.92397874073487
-0.7772080276304293,-1.8253320858987234,-19.7995442241048
-0.8700901587803026,-2.954622750131147,-79.11993832975784
0.8548315515402491,0.8848482849276182,3.7880562180660204
2.9935888174405125,2.388183293699921,46.8496107364557
3.8643004229654396,-1.5391062205422044,-3.2091250376144114
-0.2588973588131468,2.56220726877784,49.94415557629439
1.9272765786300305,-2.6383956582626347,-51.244105404955825
0.876645752895447,2.6066161608330862,54.88484390158464
3.7787593312962597,-0.8902638765621935,5.440729955170147
3.149112201100821,-2.3914750293047007,-34.733409041001785
3.130437829728585,-0.08476944488204641,6.259048235676399
1.309246894294552,-1.4593405936769523,-6.705269609378281
1.043811878724894,-1.290762588228463,-4.3638712032082685
0.34707413270195975,-1.1562602104422806,-3.943395244332666
-0.7222384456977871,1.818155386995981,16.586291959285454
3.2604792070520334,0.23496766005152692,6.559875967553095
3.005155807103554,-1.1321538050639781,1.6568216636861601
3.9255997958606166,0.6620026998655102,8.721562824563408
3.9104205441343414,1.2969040453391614,14.364863672596318
1.7366069129677064,-1.3642559955987974,-4.144223119695412
2.7887939329731304,-0.5187053908478907,5.1589065895480095
3.654852075334971,-2.2686834399783145,-27.720523335200106
3.1862048915447776,-1.913103902791918,-14.633279048711781
0.2186818258879608,1.086707123789897,4.28734651879555
1.2198268173202877,-1.9113699138262383,-18.50896987658982
-0.3636327476211414,0.150980302002361,-0.7169406839213961
3.700600650240969,1.2542775703345956,13.320935716209739
1.986616857430084,-2.358738461431537,-35.39633169524434
0.12652100308576064,0.4038733177734213,0.4506737674207161
2.309463103831701,-1.4606232977918174,-4.729444492112198
2.045512164456534,2.777561251425479,68.37640047136492
0.7646644227349957,-0.09872611968045142,1.5264420404064374
-0.4405027860332458,1.8359552986509486,17.684533476563267
2.3088349676205002,0.3013592529375706,4.699775926089452
1.5635512643607337,-2.739524802871085,-58.55326672980283
2.80520562387185,0.7989082535641341,7.140131366123339
1.5628407933107242,2.7084200532399425,62.7288458748776
3.1986904264758573,0.6096709208779871,7.077222394302041
1.7192399264743483,1.9151331565607412,24.51108261916005
1.7637362346542989,2.3052387800904466,40.27845932845535
3.319264249976448,-1.6315213683064052,-6.390125576308149
0.987956376640172,-1.7277309605506401,-13.496199300929188
-0.3397082000872458,0.6658859331059501,0.20635321031321174
-0.8581880181158628,-0.5338291811597715,-2.172757698296575
2.7205543242688677,2.0391678172003225,30.878944454174537
2.0562594632079962,2.4001387403880674,45.591711643917556
2.468994551851381,-0.8794717241836914,2.897252764997715
0.04927246810179087,-1.5787766461531076,-11.706926514989089
-0.3280989920849856,1.6831530914631712,13.648942000809807
-0.9283385658181962,-1.3511637867111834,-9.25690760384931
0.7273416827900778,1.9356859110820706,23.213031533644585
1.9065190259111322,-0.457570478107423,3.5256324396685716
0.9325828082243104,1.005299395748823,4.913113377024008
1.1554349234731225,-2.426788116991991,-40.565384037013644
3.4547815848698713,0.7431559480594379,8.140855372109986
0.7158514879894038,-0.2893939275766253,1.3589937541488624
1.5324214931183509,0.5196507790528448,3.4858176927626
2.8610511974799975,-1.9919147535308195,-17.988003828310873
0.9537626470394687,1.421242469665093,10.519956871207796
2.0650154593926273,2.1767824652593717,35.07331082657894
3.2488580738982735,-1.6995611994553461,-8.229873595736082
3.6782793933012012,-2.4257126668790296,-35.46271751426123
-0.2753703100402819,-2.8581684837219816,-70.59696531031156
3.5652887203046992,0.851829002659596,8.984871139926915
1.4246524568926868,0.6425642165326844,3.645227565381237
0.27236772968745515,0.2801844762844201,0.6107217116194099
1.2621576547364062,-1.6083174233041475,-9.956316034879116
3.828611498779903,-0.6545640245669118,6.815871151560398
1.427124825384626,0.5668580111170383,3.400691711865495
0.6197561649563212,-0.01939884684498372,1.239490429666423
2.120760192690381,2.926713121289324,79.44911844364577
0.18319525845987616,-2.1813614846596012,-30.77257473634414
-0.6262220790625228,1.1708673242855632,3.5630882869702725
-0.36501079365036193,-0.5740873913742472,-1.2976384390005649
-0.369119327301628,-0.43080231044631123,-0.9780972720932514
-0.25157682398929837,1.305586593949057,6.173184126433721
-0.315999795208054,1.1546169079462176,3.985799070587029
2.1575839824844802,2.94753596221313,81.13946451837855
-0.10387849437254904,-2.2296342632752486,-33.46009172380216
0.7030995306696011,-2.3753421036950018,-38.80062367329429
3.4184682603875105,1.3460329027724471,14.153182236203234
1.3352046491793823,0.4703215020384546,2.982517913888973
2.289050847501871,-1.3550360006411648,-2.885934828496433
-0.15098157700514558,-2.5234837860660804,-48.51037345800054
-0.05259377012219213,-2.486050502421417,-46.199898399075025
-0.7986407029520832,2.36514524798471,38.093962060087705
-0.16765849557628487,-1.8487960516875426,-19.293131502056887
0.3726120421118224,-1.0597706273068754,-2.8255049092350792
-0.1278709694580039,-1.6400615866380719,-13.490064785695942
-0.5629634307354863,-0.8700221650083764,-3.1015868555713477
-0.40562817088808323,-2.58345694352344,-52.5391671451841
1.2702527587599342,0.11435874544962221,2.544992242005601
0.016604335820171068,-2.5943246184467106,-52.350254279211306
0.7947542602890862,1.802139046934169,19.14795728199325
1.4803322706146589,-1.5977275085374019,-9.27505158499675
2.401568980752363,0.24007148762706354,4.8446470317303305
-0.8063094480067873,2.2804745253687493,33.9666426789763
2.9386876944289604,0.9052642142831653,8.102976415438512
2.0936594530044146,0.1977467193080118,4.210516829731122
-0.5971740003821416,-1.0539974813077464,-4.707039210324749
3.3041138588904406,-1.0019885216508124,3.5902954113692216
3.537129861037241,1.0169217311891412,10.229146944013355
-0.6990694526747709,2.9648361673270056,76.78684557687741
0.36417362985029733,0.9710351390962719,3.4751412787172713
2.972146302183775,0.3467005042201494,6.06931409552674
2.686668623242001,1.3839030614354764,13.32463954153593
-0.0908666320900039,-0.20876632629769087,-0.20902948994180837
0.031462193622464385,-2.6391459443952887,-55.082753108207626
0.8253126484030924,0.37378089526745883,1.8072905029236797
1.3872402986554073,2.745751707032281,64.87640261500616
2.046135581888313,-1.9481823458540422,-18.090207132056204
0.8176341144216097,1.1400293449239944,6.080243467647442
1.27890429892582,-1.7943978680456611,-14.775341125805316
2.682782448149857,0.21496610683848782,5.395365923119903
-0.8192621962203444,-2.4199413021196823,-44.152894643085155
0.2437545066513096,-0.29777438245088916,0.4082984224819615
2.5146668589548415,1.5369799733714764,15.921791389880015
3.410675868589019,-0.9145708545661075,4.526401217382764
1.5210300585634076,0.9894703469233082,5.948287599400389
1.621718255497286,1.772699764738375,19.955374516031043
-0.4719644842908709,2.563066916876716,49.568829949708665
1.204396622745688,-1.5921475088672787,-9.699171833503472
1.6242003807927459,-0.6041045051441509,2.587010983875727
0.19464994479858455,-2.085503920017495,-26.822313134166702
0.3265589264235751,2.954901012950251,78.0547405218959
0.8588756070111925,2.5620058075457717,52.16779927722028
-0.9011093928632075,0.23974278168335772,-1.7608799848444892
0.5868810911712325,2.0521997662585276,27.10242715261532
0.04180238874222941,0.12574786363225332,0.08956995127509887
0.6135764467682221,0.7415141280165582,2.4503024010741576
-0.40993307630373377,-2.4652534073039005,-45.767409290428155
3.3876197344820813,1.5316225229808476,17.554190208829162
1.9246245676937233,-2.2337190981885913,-29.586181951420336
2.345930890219639,1.95640578151517,27.156429574253604
2.8882394456488028,1.6921685260223152,20.31271919154384
1.455820136922393,1.2524681864578584,8.80579272539098
-0.5717445387833779,-2.7830377168514273,-65.80986625753773
1.6463189992837588,-1.1812298643280283,-1.6518862382800945
1.8913607995193975,-1.4213245805349428,-4.831202788332843
2.672773443925992,-0.8391815551708852,3.5726272774588512
1.1267826203385098,-2.4741435194169688,-43.18199841262175
-0.3714130196978057,2.6217469381863765,53.31935508025691
0.39816128195255196,0.3228134442742574,0.8972422975072606
0.7889031401667148,-1.1668541360518587,-3.1883794775639163
2.1824283165745313,-0.6181108975542995,3.6563882788042523
1.812219465639275,-0.31678475697098607,3.52906842614091
0.7544852984579111,0.6035660001637035,2.1685932418145217
3.8605515716208947,0.09407656617898663,7.723600989051527
1.984646972133488,2.5163518392865036,51.770114130308244
0.16881422442658955,-0.018219102565018463,0.33761030614158355
-0.49851869206901545,2.952948088939876,76.2512201408369
-0.24686442494622152,2.1085497464705742,27.629994017750015
0.21183146911751383,-1.7489369138559852,-15.625178546212572
-0.20832434948926992,2.5835712878634975,51.318130872610816
-0.08078598574657869,-2.3018016126871435,-36.748413957302404
0.40466127812201313,1.904698250947149,21.539346498547857
-0.14578988807468063,-0.7162602391405195,-1.393966019029734
3.418355012126061,2.267845922670417,41.82815608482653
-0.6046890719125989,2.208340140644702,31.099297370357448
1.5842627998178624,1.8355524007057271,21.721844781833596
1.0220213978987638,1.7401826178423683,17.853091362081454
3.8401704243133308,-1.1719251654117553,2.8517445698943806
-0.44798535787267413,-2.514484301692487,-48.59044218954894
0.960230882985327,-0.5821189274090313,1.3286870357714868
3.776571922088385,-1.958852910080948,-14.995827416579463
3.2643456613166606,1.1697065334147698,11.329915691752168
3.02570659038385,-0.923401640773287,3.68934091472593
0.27068486052546725,2.853661205159489,70.25673194190712
-0.158038426192041,0.8458324640719921,1.4993313960154981
2.294399004408452,1.9348833818061655,26.320094567841426
3.5790269639600494,-2.2048519635489097,-24.99776406963418
1.7431656611188822,2.1720868936357354,34.22979816606781
1.8163304718915763,2.536543143080366,52.593405670726085
0.3794544234126309,-0.07762848708638437,0.7575054366488553
2.79128461557325,0.6375176265058649,6.3598856577534635
-0.07843716848221183,1.5888588054179724,11.876215808643352
0.5947646254131509,-1.9509682364375247,-21.088247676185574
1.0961214262748418,0.01539645878065432,2.192253801784901
1.500991674385726,-0.6080218333661214,2.327643571077856
0.1943505255574347,-2.1217560470265053,-28.266773201951953
-0.4342000190579709,-0.7947934662508116,-2.374605157859071
2.008519341778283,-2.5909661436870386,-48.16324897368992
0.4220800853166873,-2.8451285583030783,-68.24770861462457
1.8637553794312076,-2.189002265071063,-27.73981873053588
-0.23945631935878908,2.7786906695350435,63.884914981403746
1.370572863522992,0.2971772153701018,2.8198807179242453
1.6240632434061095,2.79493296691932,68.74724324792476
-0.7446659099721025,-0.4050127300192079,-1.6886409879075008
0.6584461876200653,-1.1291032014884426,-3.0015007036192456
-0.33774012105336715,0.03685117704146457,-0.67533010938892
-0.6877521024538358,-0.3629298682025395,-1.5189174912038987
3.877524974167816,-2.3660118944295365,-31.97984100311571
0.5882344340109888,0.8449578881412374,2.9862516362289497
2.990243957638417,-1.7037709049424024,-8.856811044917228
0.2546121676526829,0.7175277293869775,1.6174732707512458
2.3577576541491063,0.9012065543889203,6.911322886828148
2.745635684494349,-2.0878508812281114,-21.812314387828675
1.9347066052166944,-2.631902237335991,-50.82343172913814
1.3234515504964741,1.6845695164106385,16.98818812815155
1.029136402063223,-0.24119745738407872,2.016176939834379
0.7188707455955952,-2.651017226967145,-54.45544947816178
3.579781557831047,2.9691979030186033,85.6901223557464
3.0924541945815225,-2.6533166340218,-49.853848633509756
3.754678726999474,1.1702113731513188,12.316801062854598
-0.3875887213097102,2.9020735515804814,72.54888192323534
2.6009773387630055,-1.5649193747044463,-6.295379563625566
3.623194813964867,-2.146503787876823,-22.423520603717673
-0.10706634726735131,-2.2716903634654266,-35.38383254935767
-0.672373501319959,-1.1803491145944267,-6.278219261595307
2.651494633331743,-2.39372513393612,-35.84457141257927
1.830423753243498,1.152968050164791,8.258890978493378
3.147682652563609,-2.6262492112196236,-48.04581405775291
-0.31134278389378955,0.05653276889873826,-0.6221435394077929
2.9182747425838076,2.9801811231178608,85.24180237665385
-0.006584045671015226,1.883821617036113,20.04265929785583
-0.1936686723552853,0.6913166293860655,0.6038420525083228
-0.19066392204891602,-1.16247827528033,-5.094092915613245
3.0134021663299713,0.7433750177498308,7.259185747830552
2.2774205978556132,0.16224878346990979,4.567654631658186
1.5771385445209818,-0.4434996966577711,2.892578587402186
0.7679545001315828,-2.2157377395588034,-31.098542622159663
3.321959009242426,2.319625291442801,44.08727346797038
0.9335734404428961,-0.3012921070720651,1.7850957599258923
3.023377939433389,-1.8322649290754096,-12.40705483432979
1.163613661943998,-0.7934438947362623,0.8286818614839775
0.857201742291015,-0.515221484826438,1.3041019423592326
1.2796190551997761,1.9652273734012455,25.3290618584767
0.48488601844986445,1.401686283368412,9.231553918653761
2.683464550821913,1.6158293618480393,18.02325768688018
1.4768987454978886,-2.9338124134281167,-72.8024196422535
0.14410981657622668,-0.503076010921431,-0.09374405702931465
3.432195661719015,-0.11193509018805825,6.860183863249989
0.8914285224278289,-2.88484633906166,-70.2431453521392
1.6780799552557633,-1.4411207475297947,-5.622724211144074
3.466179766577363,1.5617389387328098,18.35973693629854
2.075614873482758,-2.1773417656260055,-26.815907898372757
-0.42404442690608946,0.21186078871554992,-0.819560743251364
3.63054424255321,-1.708788767896575,-7.707691213830596
2.0927118132318157,-2.9272753521366406,-71.0655256110027
0.6500768879729311,-1.5527912544027511,-9.931933873479375
-0.3138077769247112,2.855242529460323,69.2037068558361
2.9121548159913044,1.8092226712979373,23.590623014594232
2.0550927743237573,2.757459865926201,67.00992624625623
1.6283579013873224,-0.07287573644182554,3.2555547014398942
3.4042005480650737,-2.341582807934979,-31.708365085141935
2.885411218005011,0.2877569338421577,5.8423047571907345
-0.25269926038909074,-0.27373599264023474,-0.566932779054021
0.5358517654809405,2.0661424964376955,27.532448426249445
0.2243037099869314,-2.4115045152945322,-41.62265006453483
2.665416551837283,-0.07055317786933113,5.329779515239076
-0.834786001985591,-2.0997080118360945,-29.440984605030053
1.8078412440567293,-1.0519444386596402,0.12347804450425937
2.7566269429765433,1.4241424643267981,14.178513189761016
3.3198162409751113,-0.14389122378740105,6.63069481487137
0.6854336345822132,-0.7446702891253842,0.13203264538001291
3.0463271985027003,-0.6331423285797881,5.331232605123442
-0.454918447954346,-0.24331938956408017,-0.9530535768109588
3.1704626683937764,1.7100992630223413,21.34417078346308
-0.3718645314203354,2.3525081336414067,38.31468954583713
0.9574308322966716,2.73200811902357,63.08890856088097
2.9282669456223442,1.7214203175317708,21.159725934147506
-0.26135821214623967,-1.1075586255119236,-4.5985967665684235
0.12951951909273718,1.1288082365192533,4.574048612463374
2.558531772018087,-0.37438125566764846,4.959642225942103
2.5476134034578064,-1.471976267723693,-4.472828540096628
2.158928499558967,2.0452294765555354,29.983218433581563
2.4190776133519822,-2.7694419062260502,-58.88511175822501
1.673998348528119,2.410571952812541,45.370464425242346
0.2406116509605858,-0.23113521225159506,0.44417915535612745
0.7032409854630921,0.8232088608496824,3.0800808026620916
-0.10526971693352605,0.9561235332346962,2.4116452586730697
3.4759275733776915,2.370706444239218,46.92373703266211
1.874366015518381,0.8200180930032439,5.402945525071104
0.9749912493707793,0.6836015085603706,2.908346058597561
1.2762983519494524,-2.60008775663586,-50.18074259003756
3.6672563153524207,0.11044813167122447,7.338554631327597
-0.24443904507496428,-2.09898599509775,-28.231651665544103
1.888348998990733,1.424602612328913,12.45035939002182
1.4925088752815712,0.0733315248760471,2.9862007741470795
2.0126294029944645,1.0813666752501199,7.818759778780667
-0.9107712906207679,-2.7499625963856946,-64.20962183236871
3.296946490642852,-2.4912479037251805,-39.79052307380234
3.5925382181426775,1.297940328376093,13.744798438965043
1.7844060059187972,-2.56749398400796,-47.20614433480236
2.432392211888044,-2.5724596334084486,-46.20534524695306
3.545145979736949,-2.9273491485906753,-68.16634863860612
2.4845582566807125,2.739008389796881,66.61461124353889
-0.24844153632941157,1.4250501567540415,8.184955480633485
1.8393674584785247,-0.8804915489876151,1.6308911031430373
1.9892794620563192,-1.2207865122740686,-1.4795276734105878
1.0896879227094902,-0.9017806215249027,-0.02063058439996679
2.6284539861461975,1.647921187087091,18.682411005670737
3.603617701462718,0.9682236664224861,9.930239762044113
3.5602675635842242,-1.8888265927951924,-13.095571537902778
1.2212814428444592,-1.955343987995494,-19.985448397876095
-0.44207718800901863,-2.409626101719616,-42.857175660700904
3.8523035434781274,0.9618163182080286,10.373908878139328
3.1332431683072866,1.5862359733304157,18.240083396821934
-0.3857881144904962,-1.4097214300499759,-9.176255789416798
3.536979499553037,-2.874330233814523,-64.16724390703307
3.285971387610714,-2.5069699951414357,-40.69621353603493
1.556310342963659,2.807160209070183,69.475138107768
1.913208642225396,-1.2273313351354784,-1.7199256888883276
0.9658826579212114,1.615338887028802,14.576572152809073
-0.7301899084006795,0.7479814131255829,-0.20494643335091656
0.6515137314688071,-0.7083621620826248,0.23670804170716986
2.9556515686289404,-1.7658764268266693,-10.608397842261194
-0.977178065192248,-2.2716814910435614,-37.123643905462416
0.6431473563951187,0.6900778082332,2.2721551508861815
0.9617734969343843,1.6478026838267281,15.346153921251664
1.647743200764468,0.8634255212467838,5.226546984418825
3.5321201750198092,0.1818127994949501,7.082270303956294
0.7064435337414059,-2.7482926594101826,-60.861604195236254
0.7094352396670343,2.8109326655663027,68.04929526585802
2.6336618769533593,1.792285149927448,22.539321554621264
1.2280736420409588,-1.2430677797942116,-3.3062829962426195
0.10662590007633632,2.879821976153104,71.86357921264383
1.2291653412279313,0.6112895378179326,3.1436013514512178
-0.30599875408054134,0.4945359492434789,-0.2491577604368912
-0.13094293724778527,1.4884390765771922,9.63080513249887
1.4554534397698013,1.8706187285408253,22.547995009704778
1.06404184271116,0.9388716439890157,4.610873313935195
3.507437353520947,-2.2314255218028,-26.317667882502935
0.7855114130798522,-0.9703949640330096,-1.170342130803271
1.860553470269692,2.568501841956298,54.55588118865114
2.1151603404885035,-1.6523063289368884,-9.302644170026754
-0.9354837326358421,-0.7669978569749203,-3.2246091078406565
2.26924253865418,-0.4075387023348238,4.335423465308462
-0.12281842613928995,-0.3635700618332871,-0.38981040381233656
3.7351846286510186,0.6776374949671533,8.403867575150658
-0.26754010553213814,2.6584550264682454,55.82988038880142
1.0428492501044277,-1.5558437290049703,-9.212759509779712
-0.5794829691436126,-2.2709917421944916,-36.2962281703787
3.9115902845360093,-1.815177060840376,-10.119124572277716
1.474310204238845,2.3215494012556173,40.485230020952436
1.9334565129076453,0.8748648759312361,5.87574770530736
-0.6695148118713654,-1.2845592645650392,-7.69795446464348
2.695048350760181,1.8956816338117033,25.827111628171977
0.03420292961621163,2.168219978180616,30.64796921997392
3.424705237230399,2.079086032141668,33.81057439480305
0.0107211248549135,2.5135592018373263,47.66329150069218
-0.06048335137788652,-1.4865538789598305,-9.976116233898928
-0.8199201221485027,1.5302515724776695,9.110191781353107
1.3258695035601864,-0.23676301635515973,2.611922528577482
1.7829670766415777,2.051991317340369,29.48669893768869
-0.6762541369397821,1.370944062969679,6.377508923907554
2.8210174457763184,1.6586846789983483,19.332328244992386
1.2333499262463792,0.9369710260864288,4.934441774790767
1.5836660414944532,-1.9354273831817588,-18.5822991923497
1.1716340066347213,0.27016151338162997,2.402423045602141
0.97455592072043,2.9080184371470494,75.72470700397005
1.757342773171287,2.6243283989827138,57.736718319603426
-0.23513273387253852,-2.74095758521793,-62.24746258388512
-0.1036417716981427,-2.0111111056233772,-24.609509681085235
3.2460098409452467,-2.2096273592726288,-25.8731859487128
3.6615021937420487,1.3558794599117725,14.800987840204895
0.8392915732061283,1.9067119791416705,22.474426622216853
0.33395651832650164,-1.7189318021359685,-14.569007214044406
2.1729798356826087,0.03511615771097398,4.346089581258856
1.0138295075892128,2.0442181680672,27.65496687280766
-0.8749216587847088,1.3968092685975035,6.426000360700991
-0.230637586728074,0.2534232329510897,-0.412448117896815
2.5275885967490153,0.5420861427526376,5.53306524445378
2.24651221088435,0.05016328149767979,4.493403107612839
-0.8664982937581818,-1.2147092920870766,-7.109975283972637
0.09365480347044675,0.39013195715409665,0.3654473042145733
0.1385034008266226,1.1333118123005441,4.643869134349463
2.310409377711298,2.2399374951648463,38.33626821583625
-0.9028863614863675,0.8177481238754885,-0.16525878720318476
-0.4870579725924413,1.5667292222589477,10.56315485191438
2.9411792069940863,-2.039570190272562,-19.57053871207861
-0.12031208963620788,-0.23065515348126064,-0.27743798718646473
2.21607407921035,-2.94401028103744,-72.11679896072734
0.17352437498170437,-1.5199268128702619,-10.186853499409441
-0.5100531710462848,1.358770290678029,6.505809928216131
0.19810715200097784,2.9508597080961803,77.48069341632345
2.5586025406663824,-2.404931402476705,-36.61096446741232
3.216008640488086,-0.5910341048322705,5.8126348522600315
3.090485648801959,1.8004258121949572,23.6893909187601
0.9569196030887068,-1.775786192226607,-14.885541766355018
2.2916493328492407,0.3305096958137175,4.69160999053852
0.009955741140349916,1.3984277761780488,8.224208588188
0.4443361750166652,0.695912701561074,1.8997524069240708
3.4162383467902995,-1.8718515923075032,-12.843463523596586
-0.935939642259433,-0.8676925878855632,-3.831711613698796
-0.5787002537059656,1.7027507069123828,13.65326120756222
0.02425367008234325,0.32535908479209974,0.15183344743910168
-0.869276075159257,-2.968622318742524,-80.22345037872827
-0.10606927743648398,1.565944560168563,11.307806352616115
1.8726404168195803,-2.7881318703585656,-61.276848406923875
1.0763548908222127,1.4744026963873926,11.768159564098577
3.3981853230605434,-1.7851166390085755,-10.269209190568397
3.0275369220906416,2.748440880716281,68.33964144017347
0.6841309529023332,-0.7923554921874931,-0.12412514619239912
0.278176874227279,-1.0384103019715254,-2.8027871370336226
0.8707410083198954,-2.106671698005332,-26.307159836470575
1.9083777610844694,-1.1663747070587107,-0.9435577564721624
0.3207470967024775,2.259904570969203,35.26663565877334
2.0751759374052994,2.9780060257634844,83.38186888626721
1.0171674507138162,-0.7901428169589098,0.5544155678219718
1.7199313906014013,-0.3083362142727446,3.3519210800648755
1.148791404094224,1.3324256292164218,9.394180538306497
0.4508300931802016,2.317174682790447,38.22646790543748
3.6730207337437273,0.5582660051207049,7.868010578659863
2.7622787356233913,-0.6508458109330242,4.697462088291302
-0.309663669659769,-0.5242689549082575,-1.0516257895839898
3.2789337420965134,1.1737088789808414,11.408545245578589
1.401569037688441,-2.980690418374328,-76.6428314320843
3.4074506072226756,0.7175360247590441,7.923188587890923
2.9408795009714015,-0.8670419373518556,3.926332184604411
1.0950230317788767,1.765183987662505,18.69032144300023
-0.8892939242427266,-2.442056161061207,-45.46920676146146
0.32377088242201024,0.5292136016903433,1.0921876196927764
1.6686268018001877,-0.11416266068325776,3.332789918996889
2.121141371844853,0.8539531554313644,6.110482872114889
0.27061025794348215,-2.61087843310219,-52.85139637929977
-0.3133939027518017,0.4799027245687877,-0.2952134749624855
3.1136936095351295,0.3689075277571421,6.378004154448604
3.850140504548616,0.3639605664970258,7.844919623158541
1.5900707007856818,0.6209259995787288,3.8983337768077257
-0.15413773515848095,1.0588076233581738,3.252728298654421
0.34165569715927724,1.829933998084618,19.066783161735373
-0.9093893055324488,-1.381075679230714,-9.72144569754733
3.504741823905973,1.950296461080372,29.264255829668116
-0.4198414959099711,-0.010465906419278248,-0.839686430975312
1.840491380700577,-2.5376503251940132,-45.34390295128957
0.35026755567327594,-2.648694424536125,-55.04586490169762
1.7304299293716463,-0.994570087823635,0.5094641931001065
2.2095422714078974,1.7093818626688053,19.40345596419889
3.0881302473358128,1.2460856084454948,11.980761561191029
0.017035710395319814,1.7316897880344388,15.61278319306274
-0.9458236531745016,0.10361433864965619,-1.888310117123917
-0.32556575767347395,-0.35880601226705666,-0.7897114619145008
3.4343835835029424,-2.115284839762296,-21.525314373554508
3.305648387206781,-1.0308434783441307,3.325055561841178
1.9434488683409694,-0.39588380295674863,3.700764274566209
1.958741056802619,-2.4683974219222966,-41.202249449040806
2.2766295884491337,-1.6763282837327325,-9.578573046951629
-0.13594732065895299,0.5893517643824326,0.3422137318106314
3.505299260515711,1.413978685435139,15.491652812511429
1.0632785305681711,2.990085068357698,82.32609893249767
0.8877200103192808,2.5986799880613463,54.4231712602883
1.556702768700632,0.8553911972111492,4.991059614658699
-0.7685991129883759,-0.4725116802355682,-1.853687430102245
-0.18072336912109355,0.8170641882493963,1.274954435607544
2.636284850760611,1.713909708481392,20.376329536720572
-0.5920517234741258,-2.289982854459676,-37.21026123665484
1.971724904587378,-0.5405706618222705,3.4695585810479836
0.20883281035586387,2.0388137138137035,25.842251815934866
0.9180559154782277,-0.6970022884017357,0.8202752063881755
0.42239138999097015,0.43123362736311943,1.0853625544161876
0.7523962078757112,0.5266161651731895,1.9429232448005085
2.542732571835056,-1.8931424811981639,-15.269537240168571
0.46391596440287786,-0.8265873500862697,-0.7664571781914951
1.790670461441774,-0.9929322675484071,0.644501998529786
1.345495960058047,-2.842819748807611,-66.23281006812137
2.269901737240988,-2.8548494166518683,-65.26267955543392
3.6157515227336336,1.990182262054641,30.879796624109154
2.609375995735988,-1.3615751401631255,-2.3538668017179294
0.05900927151641966,0.10847259743289239,0.12184750783219642
-0.8463609799081775,-1.2076465584673617,-6.976454173281953
0.29217253789117326,2.6440754706920426,56.03961152447575
1.9319434999519256,-1.4442194468053575,-5.173040965880354
-0.7466254892069999,-0.4220591235663895,-1.718800096341666
1.4455919418229106,2.2363815029076113,36.44631416779984
1.9406392357980167,2.051601400750852,29.78726977855196
0.6468165806892521,-1.883391492922336,-18.748459606547154
2.7982773485590617,1.815859858774262,23.55911501585956
-0.4747913857030249,-0.2508786795726441,-0.9969537678759197
-0.6297968393788785,-0.10218676748786848,-1.2627948229595585
2.5877793148485146,-2.199120165504337,-26.73013110498168
1.4412811648448614,-2.516390917457252,-44.92048488707884
2.391752285591466,1.3676358418425911,12.457696850906569
1.1423903042756596,-0.021233085868201496,2.284751890127333
0.21402055505606432,-0.3788957843089227,0.2648559828836977
3.0357095973537485,1.3770493719143806,13.905170663584643
2.9387146946339446,1.5930773939466585,18.006621634187468
2.4227631324932055,-2.0465509939838786,-20.86961805648852
0.3408565920197588,0.6613508968658479,1.5495080875469458
1.9080610755682477,-2.187875506333887,-27.60264022400804
0.7785150753956109,1.5082505161742743,11.850023746914777
-0.5487759657190214,0.9417309376028369,1.4079905396997496
3.5195955626002036,2.7396877265007475,68.73056570911561
-0.3258958618695105,-2.586251901861473,-52.54777247613538
3.6818107162333495,-2.657671673092474,-48.9515275221471
1.1974663476871443,-1.3068775518407991,-4.301229262479792
